{"asddsaasd": {"win/loss": 1.2227272727272727, "losses": 220, "wins": 269, "draws": 211}, "ASD": {"win/loss": 1.1176470588235294, "losses": 187, "wins": 209, "draws": 204}, "Steve": {"win/loss": 0.9523809523809523, "losses": 105, "wins": 100, "draws": 95}, "Alan": {"win/loss": 1.0303030303030303, "losses": 132, "wins": 136, "draws": 132}, "Aran": {"win/loss": 0.8285714285714286, "losses": 70, "wins": 58, "draws": 72}, "Aran Long": {"win/loss": 0.953757225433526, "losses": 173, "wins": 165, "draws": 162}, "Turing": {"win/loss": 0.9939759036144579, "losses": 166, "wins": 165, "draws": 169}}