{"Aran Long": {"win/loss": 1.7, "losses": 70, "draws": 11, "wins": 119}, "Aran": {"wins": 82, "losses": 91, "draws": 27, "win/loss": 0.9010989010989011}, "Aran Long 2": {"wins": 138, "losses": 131, "draws": 31, "win/loss": 1.0534351145038168}}