{"asddsaasd": {"wins": 269, "win/loss": 1.2227272727272727, "losses": 220, "draws": 211}, "Steve": {"wins": 100, "win/loss": 0.9523809523809523, "losses": 105, "draws": 95}, "Arod": {"wins": 496, "win/loss": 0.9939879759519038, "losses": 499, "draws": 5}, "Alan": {"wins": 136, "win/loss": 1.0303030303030303, "losses": 132, "draws": 132}, "ASD": {"wins": 209, "win/loss": 1.1176470588235294, "losses": 187, "draws": 204}, "Turing": {"wins": 165, "win/loss": 0.9939759036144579, "losses": 166, "draws": 169}, "asddsa": {"wins": 197, "win/loss": 0.2206047032474804, "losses": 893, "draws": 10}, "ASddsaasd": {"wins": 198, "win/loss": 0.2219730941704036, "losses": 892, "draws": 10}, "Aran": {"wins": 58, "win/loss": 0.8285714285714286, "losses": 70, "draws": 72}, "Aranm": {"wins": 598, "win/loss": 3.0202020202020203, "losses": 198, "draws": 4}, "Aran Long": {"win/loss": 1.7425, "wins": 697, "losses": 400, "draws": 3}}